"edad","tiempo","fecha"
"(0,18]",1285.96000003815,"16/07/2015"
"(18,30]",138974.694999218,"16/07/2015"
"(30,45]",334185.004999399,"16/07/2015"
"(45,60]",411583.04399991,"16/07/2015"
"(60,Inf]",140599.375000477,"16/07/2015"
"(0,18]",1230.04299998283,"17/07/2015"
"(18,30]",87890.5090000629,"17/07/2015"
"(30,45]",281813.948998928,"17/07/2015"
"(45,60]",267410.768996716,"17/07/2015"
"(60,Inf]",100443.110000134,"17/07/2015"
"(0,18]",7212.26399970055,"18/07/2015"
"(18,30]",66187.126999855,"18/07/2015"
"(30,45]",163843.785000086,"18/07/2015"
"(45,60]",225736.101997614,"18/07/2015"
"(60,Inf]",134104.363001108,"18/07/2015"
"(0,18]",3876.34699988365,"19/07/2015"
"(18,30]",115908.886999607,"19/07/2015"
"(30,45]",309115.427000999,"19/07/2015"
"(45,60]",201253.565999269,"19/07/2015"
"(60,Inf]",94911.2009985447,"19/07/2015"
"(0,18]",13423.9400002956,"20/07/2015"
"(18,30]",132359.588000536,"20/07/2015"
"(30,45]",415118.398999691,"20/07/2015"
"(45,60]",327233.887001514,"20/07/2015"
"(60,Inf]",140688.876999855,"20/07/2015"
"(0,18]",4542.93299984932,"21/07/2015"
"(18,30]",148777.018000364,"21/07/2015"
"(30,45]",329227.323001146,"21/07/2015"
"(45,60]",375835.987999916,"21/07/2015"
"(60,Inf]",154267.996000051,"21/07/2015"
"(0,18]",2219,"22/07/2015"
"(18,30]",185149.521000147,"22/07/2015"
"(30,45]",391211.853000402,"22/07/2015"
"(45,60]",353326.307996511,"22/07/2015"
"(60,Inf]",194934.403000832,"22/07/2015"
"(0,18]",5249.18400001526,"23/07/2015"
"(18,30]",157519.988999367,"23/07/2015"
"(30,45]",414616.147996426,"23/07/2015"
"(45,60]",367356.573000669,"23/07/2015"
"(60,Inf]",155707.645001173,"23/07/2015"
"(0,18]",584.024000167847,"24/07/2015"
"(18,30]",75389.504001379,"24/07/2015"
"(30,45]",247482.450000048,"24/07/2015"
"(45,60]",194612.041000128,"24/07/2015"
"(60,Inf]",80817.436999321,"24/07/2015"
"(18,30]",62696.5159993172,"25/07/2015"
"(30,45]",173252.947000027,"25/07/2015"
"(45,60]",280341.697999716,"25/07/2015"
"(60,Inf]",133848.115000486,"25/07/2015"
"(18,30]",24220.1839990616,"26/07/2015"
"(30,45]",225560.462001324,"26/07/2015"
"(45,60]",141691.268999815,"26/07/2015"
"(60,Inf]",66291.6649999619,"26/07/2015"
"(0,18]",13447.8160004616,"27/07/2015"
"(18,30]",134833.476000071,"27/07/2015"
"(30,45]",379322.127002954,"27/07/2015"
"(45,60]",298240.981000185,"27/07/2015"
"(60,Inf]",148909.161998034,"27/07/2015"
"(0,18]",7912.84400010109,"28/07/2015"
"(18,30]",135309.983000278,"28/07/2015"
"(30,45]",284338.415001631,"28/07/2015"
"(45,60]",326514.609000444,"28/07/2015"
"(60,Inf]",147676.827999592,"28/07/2015"
"(0,18]",4716.61299967766,"29/07/2015"
"(18,30]",156212.940999269,"29/07/2015"
"(30,45]",315653.502001047,"29/07/2015"
"(45,60]",225167.574000359,"29/07/2015"
"(60,Inf]",89816.7419998646,"29/07/2015"
"(0,18]",3806.54999995232,"30/07/2015"
"(18,30]",151398.628000736,"30/07/2015"
"(30,45]",304955.824001312,"30/07/2015"
"(45,60]",342608.769000053,"30/07/2015"
"(60,Inf]",122441.816001177,"30/07/2015"
"(0,18]",2271.22099971771,"31/07/2015"
"(18,30]",111858.754998446,"31/07/2015"
"(30,45]",280495.571000099,"31/07/2015"
"(45,60]",248638.526000023,"31/07/2015"
"(60,Inf]",106762.138000727,"31/07/2015"
"(0,18]",405.486999988556,"01/08/2015"
"(18,30]",73708.8879995346,"01/08/2015"
"(30,45]",219642.076001167,"01/08/2015"
"(45,60]",178949.444999695,"01/08/2015"
"(60,Inf]",143683.799000025,"01/08/2015"
"(0,18]",2839.40100002289,"02/08/2015"
"(18,30]",73315.5050001144,"02/08/2015"
"(30,45]",247843.077001333,"02/08/2015"
"(45,60]",218882.290000439,"02/08/2015"
"(60,Inf]",123379.837999821,"02/08/2015"
"(0,18]",6783.83800029755,"03/08/2015"
"(18,30]",129923.167998075,"03/08/2015"
"(30,45]",350170.06800127,"03/08/2015"
"(45,60]",281834.928001642,"03/08/2015"
"(60,Inf]",120148.104000568,"03/08/2015"
"(0,18]",5033.07800006866,"04/08/2015"
"(18,30]",133062.881000996,"04/08/2015"
"(30,45]",378573.042000771,"04/08/2015"
"(45,60]",375215.218998909,"04/08/2015"
"(60,Inf]",211783.851999998,"04/08/2015"
"(0,18]",8090.29000020027,"05/08/2015"
"(18,30]",128814.31899786,"05/08/2015"
"(30,45]",237604.45000124,"05/08/2015"
"(45,60]",266447.848001003,"05/08/2015"
"(60,Inf]",141453.933001041,"05/08/2015"
"(0,18]",17755.8580002785,"06/08/2015"
"(18,30]",164955.236998081,"06/08/2015"
"(30,45]",351121.991998672,"06/08/2015"
"(45,60]",390075.012998819,"06/08/2015"
"(60,Inf]",175221.054000378,"06/08/2015"
"(0,18]",19055.2249999046,"07/08/2015"
"(18,30]",112733.332999229,"07/08/2015"
"(30,45]",310217.992001057,"07/08/2015"
"(45,60]",325155.684999228,"07/08/2015"
"(60,Inf]",92426.0190002918,"07/08/2015"
"(0,18]",22866.9569995403,"08/08/2015"
"(18,30]",97549.6990013123,"08/08/2015"
"(30,45]",189026.144000769,"08/08/2015"
"(45,60]",239281.157999516,"08/08/2015"
"(60,Inf]",106690.413999796,"08/08/2015"
"(0,18]",26031.2260000706,"09/08/2015"
"(18,30]",75225.0190000534,"09/08/2015"
"(30,45]",190892.812000751,"09/08/2015"
"(45,60]",241151.669001102,"09/08/2015"
"(60,Inf]",105456.912998915,"09/08/2015"
"(0,18]",18208.0960001945,"10/08/2015"
"(18,30]",126248.520998955,"10/08/2015"
"(30,45]",279670.244000673,"10/08/2015"
"(45,60]",250292.44299984,"10/08/2015"
"(60,Inf]",115385.665001869,"10/08/2015"
"(0,18]",14353.9530000687,"11/08/2015"
"(18,30]",151968.286998749,"11/08/2015"
"(30,45]",262225.605998278,"11/08/2015"
"(45,60]",308209.284002066,"11/08/2015"
"(60,Inf]",155308.501000643,"11/08/2015"
"(0,18]",20272.6129999161,"12/08/2015"
"(18,30]",119794.924998999,"12/08/2015"
"(30,45]",309750.745998621,"12/08/2015"
"(45,60]",252330.980997801,"12/08/2015"
"(60,Inf]",188117.016999722,"12/08/2015"
"(0,18]",2320.78700017929,"13/08/2015"
"(18,30]",38313.2180006504,"13/08/2015"
"(30,45]",116945.338999748,"13/08/2015"
"(45,60]",104198.407999754,"13/08/2015"
"(60,Inf]",21150.0410001278,"13/08/2015"
"(0,18]",12363.2160003185,"14/08/2015"
"(18,30]",63809.6830012798,"14/08/2015"
"(30,45]",149152.481999636,"14/08/2015"
"(45,60]",111557.27299881,"14/08/2015"
"(60,Inf]",48793.303999424,"14/08/2015"
"(0,18]",11518.3779995441,"15/08/2015"
"(18,30]",77478.388999939,"15/08/2015"
"(30,45]",186397.37700057,"15/08/2015"
"(45,60]",165057.942999125,"15/08/2015"
"(60,Inf]",64913.3910000324,"15/08/2015"
"(0,18]",11954.6830000877,"16/08/2015"
"(18,30]",62252.006000042,"16/08/2015"
"(30,45]",171313.052999735,"16/08/2015"
"(45,60]",174809.606000185,"16/08/2015"
"(60,Inf]",65536.7520000935,"16/08/2015"
"(0,18]",14075.5110001564,"17/08/2015"
"(18,30]",157587.453999519,"17/08/2015"
"(30,45]",337314.368998528,"17/08/2015"
"(45,60]",231003.629000664,"17/08/2015"
"(60,Inf]",115999.380001545,"17/08/2015"
"(0,18]",18790.5580000877,"18/08/2015"
"(18,30]",160368.920999527,"18/08/2015"
"(30,45]",307976.135000229,"18/08/2015"
"(45,60]",298766.304000616,"18/08/2015"
"(60,Inf]",153183.032999754,"18/08/2015"
"(0,18]",9782.49500012398,"19/08/2015"
"(18,30]",122107.912999868,"19/08/2015"
"(30,45]",317921.233002901,"19/08/2015"
"(45,60]",306014.180999517,"19/08/2015"
"(60,Inf]",184783.827001095,"19/08/2015"
"(0,18]",13484.4139997959,"20/08/2015"
"(18,30]",135725.000998497,"20/08/2015"
"(30,45]",308372.570001364,"20/08/2015"
"(45,60]",298942.293002129,"20/08/2015"
"(60,Inf]",126231.85999918,"20/08/2015"
"(0,18]",8256.49999976158,"21/08/2015"
"(18,30]",132902.3890028,"21/08/2015"
"(30,45]",304892.481997967,"21/08/2015"
"(45,60]",285435.349001646,"21/08/2015"
"(60,Inf]",131213.131000757,"21/08/2015"
"(0,18]",12915.3549997807,"22/08/2015"
"(18,30]",23544.6750001907,"22/08/2015"
"(30,45]",162583.758002043,"22/08/2015"
"(45,60]",187722.621999264,"22/08/2015"
"(60,Inf]",59783.7340004444,"22/08/2015"
"(0,18]",8500.72399973869,"23/08/2015"
"(18,30]",32085.3510005474,"23/08/2015"
"(30,45]",121950.775000811,"23/08/2015"
"(45,60]",105556.2900002,"23/08/2015"
"(60,Inf]",44550.5349991322,"23/08/2015"
"(0,18]",5394.48200011253,"24/08/2015"
"(18,30]",120224.738999844,"24/08/2015"
"(30,45]",356915.31299901,"24/08/2015"
"(45,60]",277382.473999739,"24/08/2015"
"(60,Inf]",129333.936000109,"24/08/2015"
"(0,18]",2418.06799983978,"25/08/2015"
"(18,30]",125705.002000093,"25/08/2015"
"(30,45]",343157.694000483,"25/08/2015"
"(45,60]",421518.265001535,"25/08/2015"
"(60,Inf]",138723.673000813,"25/08/2015"
"(0,18]",3887.64800000191,"26/08/2015"
"(18,30]",65228.4700014591,"26/08/2015"
"(30,45]",160968.141000271,"26/08/2015"
"(45,60]",169541.671999454,"26/08/2015"
"(60,Inf]",72581.6520004272,"26/08/2015"
"(0,18]",18020.5290002823,"27/08/2015"
"(18,30]",75070.4660003185,"27/08/2015"
"(30,45]",170817.915997505,"27/08/2015"
"(45,60]",149966.041999102,"27/08/2015"
"(60,Inf]",55919.0230002403,"27/08/2015"
"(0,18]",1561.56599998474,"28/08/2015"
"(18,30]",64590.8089997768,"28/08/2015"
"(30,45]",144026.103001118,"28/08/2015"
"(45,60]",164106.405000687,"28/08/2015"
"(60,Inf]",74029.8039999008,"28/08/2015"
"(18,30]",67437.3950006962,"29/08/2015"
"(30,45]",276408.342000723,"29/08/2015"
"(45,60]",212544.402998924,"29/08/2015"
"(60,Inf]",77845.7669997215,"29/08/2015"
"(18,30]",85156.5789999962,"30/08/2015"
"(30,45]",264321.708998919,"30/08/2015"
"(45,60]",262083.532001734,"30/08/2015"
"(60,Inf]",102658.577000141,"30/08/2015"
"(0,18]",1417.35399985313,"31/08/2015"
"(18,30]",41684.4450001717,"31/08/2015"
"(30,45]",132496.060999632,"31/08/2015"
"(45,60]",83294.6330020428,"31/08/2015"
"(60,Inf]",31541.675000906,"31/08/2015"
"(0,18]",2594.12099981308,"01/09/2015"
"(18,30]",149886.985998869,"01/09/2015"
"(30,45]",318970.240999937,"01/09/2015"
"(45,60]",301768.826999903,"01/09/2015"
"(60,Inf]",199150.25900054,"01/09/2015"
"(0,18]",5008.31999969482,"02/09/2015"
"(18,30]",99705.5360002518,"02/09/2015"
"(30,45]",277080.224000216,"02/09/2015"
"(45,60]",312902.425998688,"02/09/2015"
"(60,Inf]",110841.487000465,"02/09/2015"
"(0,18]",845.077000141144,"03/09/2015"
"(18,30]",120262.87899971,"03/09/2015"
"(30,45]",384650.085998297,"03/09/2015"
"(45,60]",245053.030000448,"03/09/2015"
"(60,Inf]",105897.007000923,"03/09/2015"
"(0,18]",18359.3569998741,"04/09/2015"
"(18,30]",133236.239999533,"04/09/2015"
"(30,45]",368312.218998671,"04/09/2015"
"(45,60]",291428.653001547,"04/09/2015"
"(60,Inf]",132951.191000462,"04/09/2015"
"(0,18]",853.966000080109,"05/09/2015"
"(18,30]",68016.3779997826,"05/09/2015"
"(30,45]",241201.584000826,"05/09/2015"
"(45,60]",256384.649000168,"05/09/2015"
"(60,Inf]",113010.07100153,"05/09/2015"
"(0,18]",20291.3050000668,"06/09/2015"
"(18,30]",103032.261999369,"06/09/2015"
"(30,45]",236124.413999796,"06/09/2015"
"(45,60]",235855.466999054,"06/09/2015"
"(60,Inf]",148008.065000534,"06/09/2015"
"(0,18]",1944.35600018501,"07/09/2015"
"(18,30]",125385.303998232,"07/09/2015"
"(30,45]",362647.183998108,"07/09/2015"
"(45,60]",312256.746001244,"07/09/2015"
"(60,Inf]",164902.842999697,"07/09/2015"
"(0,18]",4580.66000032425,"08/09/2015"
"(18,30]",110807.767999411,"08/09/2015"
"(30,45]",400476.28900218,"08/09/2015"
"(45,60]",292860.934999943,"08/09/2015"
"(60,Inf]",183115.802999735,"08/09/2015"
"(0,18]",2379.77099990845,"09/09/2015"
"(18,30]",72354.0959999561,"09/09/2015"
"(30,45]",275091.397001505,"09/09/2015"
"(45,60]",155624.674999952,"09/09/2015"
"(60,Inf]",78732.7440001965,"09/09/2015"
"(0,18]",7955.14700007439,"10/09/2015"
"(18,30]",105831.97100091,"10/09/2015"
"(30,45]",379658.538999796,"10/09/2015"
"(45,60]",276019.21400094,"10/09/2015"
"(60,Inf]",142008.654998779,"10/09/2015"
"(0,18]",13770.7799999714,"11/09/2015"
"(18,30]",80072.5720009804,"11/09/2015"
"(30,45]",238821.435999393,"11/09/2015"
"(45,60]",188560.555000067,"11/09/2015"
"(60,Inf]",117564.809999228,"11/09/2015"
"(0,18]",1680.16399979591,"12/09/2015"
"(18,30]",57512.2699999809,"12/09/2015"
"(30,45]",146824.365998745,"12/09/2015"
"(45,60]",187122.599999905,"12/09/2015"
"(60,Inf]",71298.117000103,"12/09/2015"
"(0,18]",1233.96300005913,"13/09/2015"
"(18,30]",31480.392999649,"13/09/2015"
"(30,45]",130740.627998829,"13/09/2015"
"(45,60]",148598.351998806,"13/09/2015"
"(60,Inf]",44558.9879996777,"13/09/2015"
"(0,18]",8575.86600017548,"14/09/2015"
"(18,30]",96022.4139995575,"14/09/2015"
"(30,45]",276355.725000858,"14/09/2015"
"(45,60]",230166.694998264,"14/09/2015"
"(60,Inf]",158229.410999298,"14/09/2015"
"(0,18]",7785.09400033951,"15/09/2015"
"(18,30]",35301.248000145,"15/09/2015"
"(30,45]",144016.859000206,"15/09/2015"
"(45,60]",61123.3959999084,"15/09/2015"
"(60,Inf]",31089.873000145,"15/09/2015"
"(0,18]",4193.10700035095,"16/09/2015"
"(18,30]",69934.2369999886,"16/09/2015"
"(30,45]",119921.205999851,"16/09/2015"
"(45,60]",132636.976000547,"16/09/2015"
"(60,Inf]",38220.5160007477,"16/09/2015"
"(0,18]",2381.75600004196,"17/09/2015"
"(18,30]",115207.292000294,"17/09/2015"
"(30,45]",270152.869997978,"17/09/2015"
"(45,60]",284971.186999083,"17/09/2015"
"(60,Inf]",148543.298999786,"17/09/2015"
"(0,18]",1747.12300014496,"18/09/2015"
"(18,30]",150532.825999737,"18/09/2015"
"(30,45]",256716.435002804,"18/09/2015"
"(45,60]",275136.929000616,"18/09/2015"
"(60,Inf]",154547.528998375,"18/09/2015"
"(0,18]",29824.5269994736,"19/09/2015"
"(18,30]",82775.0619997978,"19/09/2015"
"(30,45]",228862.553000927,"19/09/2015"
"(45,60]",264593.85199976,"19/09/2015"
"(60,Inf]",98489.9480011463,"19/09/2015"
"(0,18]",1340.57700014114,"20/09/2015"
"(18,30]",85330.8710007668,"20/09/2015"
"(30,45]",264669.75199914,"20/09/2015"
"(45,60]",324608.906000614,"20/09/2015"
"(60,Inf]",87487.7539992332,"20/09/2015"
"(0,18]",15621.1049997807,"21/09/2015"
"(18,30]",85586.82999897,"21/09/2015"
"(30,45]",318668.446000099,"21/09/2015"
"(45,60]",315258.397000551,"21/09/2015"
"(60,Inf]",170638.109000921,"21/09/2015"
"(0,18]",3390.51300001144,"22/09/2015"
"(18,30]",97830.8329973221,"22/09/2015"
"(30,45]",269320.753000736,"22/09/2015"
"(45,60]",222409.707997799,"22/09/2015"
"(60,Inf]",101369.249997854,"22/09/2015"
"(0,18]",7737.21299958229,"23/09/2015"
"(18,30]",84981.6360015869,"23/09/2015"
"(30,45]",292810.564001322,"23/09/2015"
"(45,60]",262556.60699749,"23/09/2015"
"(60,Inf]",129193.814999819,"23/09/2015"
"(0,18]",21262.2509996891,"24/09/2015"
"(18,30]",135453.413999557,"24/09/2015"
"(30,45]",343286.665000677,"24/09/2015"
"(45,60]",350483.628000975,"24/09/2015"
"(60,Inf]",178051.127999783,"24/09/2015"
"(0,18]",7554.54299998283,"25/09/2015"
"(18,30]",127824.438998222,"25/09/2015"
"(30,45]",348823.353998423,"25/09/2015"
"(45,60]",289928.095999241,"25/09/2015"
"(60,Inf]",167047.155999422,"25/09/2015"
"(0,18]",16833.5500001907,"26/09/2015"
"(18,30]",88996.5309994221,"26/09/2015"
"(30,45]",254003.65199995,"26/09/2015"
"(45,60]",261889.078999043,"26/09/2015"
"(60,Inf]",118969.250999689,"26/09/2015"
"(0,18]",10077.0499999523,"27/09/2015"
"(18,30]",94884.5069999695,"27/09/2015"
"(30,45]",366587.650998116,"27/09/2015"
"(45,60]",276138.003998041,"27/09/2015"
"(60,Inf]",112085.057999372,"27/09/2015"
"(0,18]",3070.01400017738,"28/09/2015"
"(18,30]",96017.087002039,"28/09/2015"
"(30,45]",346176.726002216,"28/09/2015"
"(45,60]",369874.942000628,"28/09/2015"
"(60,Inf]",155457.247999191,"28/09/2015"
"(0,18]",14012.0280001163,"29/09/2015"
"(18,30]",167168.331000328,"29/09/2015"
"(30,45]",330689.182997942,"29/09/2015"
"(45,60]",319963.943999767,"29/09/2015"
"(60,Inf]",116562.728998899,"29/09/2015"
"(0,18]",14502.4939997196,"30/09/2015"
"(18,30]",133880.722999811,"30/09/2015"
"(30,45]",319601.961002111,"30/09/2015"
"(45,60]",300975.029998064,"30/09/2015"
"(60,Inf]",141315.298000336,"30/09/2015"
"(0,18]",2165.99400019646,"01/10/2015"
"(18,30]",141648.206999302,"01/10/2015"
"(30,45]",352462.554997683,"01/10/2015"
"(45,60]",270839.690000296,"01/10/2015"
"(60,Inf]",178991.031998634,"01/10/2015"
"(0,18]",24207.4429998398,"02/10/2015"
"(18,30]",133599.504998922,"02/10/2015"
"(30,45]",276625.206998587,"02/10/2015"
"(45,60]",231324.751998663,"02/10/2015"
"(60,Inf]",117631.516999483,"02/10/2015"
"(0,18]",10621.7290000916,"03/10/2015"
"(18,30]",64336.4580013752,"03/10/2015"
"(30,45]",183087.925997496,"03/10/2015"
"(45,60]",208133.05000186,"03/10/2015"
"(60,Inf]",94458.6079990864,"03/10/2015"
"(0,18]",12842.4099998474,"04/10/2015"
"(18,30]",87290.1370007992,"04/10/2015"
"(30,45]",182474.511000872,"04/10/2015"
"(45,60]",154054.511999846,"04/10/2015"
"(60,Inf]",56990.9249994755,"04/10/2015"
"(0,18]",1165.19000005722,"05/10/2015"
"(18,30]",88091.9729998112,"05/10/2015"
"(30,45]",153162.01700139,"05/10/2015"
"(45,60]",107913.223000288,"05/10/2015"
"(60,Inf]",37603.9970006943,"05/10/2015"
"(0,18]",1090.75999999046,"06/10/2015"
"(18,30]",81291.2759997845,"06/10/2015"
"(30,45]",288321.323001623,"06/10/2015"
"(45,60]",226465.020000219,"06/10/2015"
"(60,Inf]",68299.8479990959,"06/10/2015"
"(0,18]",1655.72000026703,"07/10/2015"
"(18,30]",90554.2589993477,"07/10/2015"
"(30,45]",316193.8160007,"07/10/2015"
"(45,60]",263471.017999411,"07/10/2015"
"(60,Inf]",133183.216000319,"07/10/2015"
"(0,18]",4686.25600004196,"08/10/2015"
"(18,30]",128446.575001001,"08/10/2015"
"(30,45]",331965.954003811,"08/10/2015"
"(45,60]",299870.205001831,"08/10/2015"
"(60,Inf]",120226.006999969,"08/10/2015"
"(0,18]",5154.85400009155,"09/10/2015"
"(18,30]",99079.0469996929,"09/10/2015"
"(30,45]",294883.772003174,"09/10/2015"
"(45,60]",302562.317001104,"09/10/2015"
"(60,Inf]",161857.254999399,"09/10/2015"
"(0,18]",10040.3210000992,"10/10/2015"
"(18,30]",41369.5079996586,"10/10/2015"
"(30,45]",132125.07500124,"10/10/2015"
"(45,60]",88187.443000555,"10/10/2015"
"(60,Inf]",68079.082000494,"10/10/2015"
"(0,18]",13673.7599999905,"11/10/2015"
"(18,30]",34424.9879994392,"11/10/2015"
"(30,45]",96153.8759994507,"11/10/2015"
"(45,60]",77616.6609997749,"11/10/2015"
"(60,Inf]",76678.5349998474,"11/10/2015"
"(0,18]",16580.5429999828,"12/10/2015"
"(18,30]",96774.5260007381,"12/10/2015"
"(30,45]",226671.404000759,"12/10/2015"
"(45,60]",186868.798000574,"12/10/2015"
"(60,Inf]",83572.0160002708,"12/10/2015"
"(0,18]",3287.58899974823,"13/10/2015"
"(18,30]",130019.962000847,"13/10/2015"
"(30,45]",341041.541999817,"13/10/2015"
"(45,60]",268110.754000187,"13/10/2015"
"(60,Inf]",122905.99399972,"13/10/2015"
"(0,18]",23785.3330001831,"14/10/2015"
"(18,30]",108409.11899972,"14/10/2015"
"(30,45]",392468.111000061,"14/10/2015"
"(45,60]",338527.306999922,"14/10/2015"
"(60,Inf]",142374.622999191,"14/10/2015"
"(0,18]",7510.13899993896,"15/10/2015"
"(18,30]",122354.817001104,"15/10/2015"
"(30,45]",339631.367000103,"15/10/2015"
"(45,60]",283128.073001385,"15/10/2015"
"(60,Inf]",136637.024997473,"15/10/2015"
"(0,18]",9710.63700008392,"16/10/2015"
"(18,30]",106316.258000135,"16/10/2015"
"(30,45]",259992.081998587,"16/10/2015"
"(45,60]",205877.42900157,"16/10/2015"
"(60,Inf]",104220.145000458,"16/10/2015"
"(0,18]",45874.0640003681,"17/10/2015"
"(18,30]",79457.6789979935,"17/10/2015"
"(30,45]",161862.718000174,"17/10/2015"
"(45,60]",154881.572000265,"17/10/2015"
"(60,Inf]",79941.9049990177,"17/10/2015"
"(0,18]",20675.0360000134,"18/10/2015"
"(18,30]",51356.9099998474,"18/10/2015"
"(30,45]",182932.669999838,"18/10/2015"
"(45,60]",171411.406000137,"18/10/2015"
"(60,Inf]",73350.6859993935,"18/10/2015"
"(0,18]",4240.47900009155,"19/10/2015"
"(18,30]",21044.9719996452,"19/10/2015"
"(30,45]",30804.7739992142,"19/10/2015"
"(45,60]",23315.2889990807,"19/10/2015"
"(60,Inf]",2833.72600007057,"19/10/2015"
"(0,18]",1396.29099988937,"20/10/2015"
"(18,30]",108079.812000275,"20/10/2015"
"(30,45]",298523.320002556,"20/10/2015"
"(45,60]",242454.73799777,"20/10/2015"
"(60,Inf]",140880.337000608,"20/10/2015"
"(0,18]",8240.70299983025,"21/10/2015"
"(18,30]",104023.125997543,"21/10/2015"
"(30,45]",327755.820999861,"21/10/2015"
"(45,60]",296089.320999622,"21/10/2015"
"(60,Inf]",154696.157999039,"21/10/2015"
"(0,18]",2264.35599994659,"22/10/2015"
"(18,30]",112535.125000954,"22/10/2015"
"(30,45]",347177.268998861,"22/10/2015"
"(45,60]",329367.291998625,"22/10/2015"
"(60,Inf]",161571.324999094,"22/10/2015"
"(0,18]",67130.1569998264,"23/10/2015"
"(18,30]",85803.9019999504,"23/10/2015"
"(30,45]",306871.819998741,"23/10/2015"
"(45,60]",283997.732000828,"23/10/2015"
"(60,Inf]",142571.708998442,"23/10/2015"
"(0,18]",5304.63699960709,"24/10/2015"
"(18,30]",39169.7369999886,"24/10/2015"
"(30,45]",134604.762999296,"24/10/2015"
"(45,60]",89386.7220001221,"24/10/2015"
"(60,Inf]",72950.3419997692,"24/10/2015"
"(0,18]",23873.0110001564,"25/10/2015"
"(18,30]",123363.800999165,"25/10/2015"
"(30,45]",252791.25799942,"25/10/2015"
"(45,60]",282692.665999889,"25/10/2015"
"(60,Inf]",126222.299000025,"25/10/2015"
"(0,18]",2861.75900006294,"26/10/2015"
"(18,30]",48451.3190000057,"26/10/2015"
"(30,45]",110158.099998713,"26/10/2015"
"(45,60]",140403.582999468,"26/10/2015"
"(60,Inf]",71675.8230001926,"26/10/2015"
"(0,18]",2244.25299978256,"27/10/2015"
"(18,30]",64088.2410006523,"27/10/2015"
"(30,45]",163380.245998859,"27/10/2015"
"(45,60]",141488.361002207,"27/10/2015"
"(60,Inf]",78900.2880010605,"27/10/2015"
"(0,18]",1202.53099989891,"28/10/2015"
"(18,30]",52812.1240010262,"28/10/2015"
"(30,45]",193507.887998581,"28/10/2015"
"(45,60]",139422.348995686,"28/10/2015"
"(60,Inf]",64180.9780011177,"28/10/2015"
"(0,18]",3417.98600029945,"29/10/2015"
"(18,30]",55807.5959990025,"29/10/2015"
"(30,45]",185419.224999666,"29/10/2015"
"(45,60]",117958.763999939,"29/10/2015"
"(60,Inf]",68565.4769999981,"29/10/2015"
"(0,18]",21259.1089999676,"30/10/2015"
"(18,30]",67586.3109993935,"30/10/2015"
"(30,45]",252253.299000978,"30/10/2015"
"(45,60]",214383.838998795,"30/10/2015"
"(60,Inf]",82801.9439997673,"30/10/2015"
"(0,18]",45031.3599998951,"31/10/2015"
"(18,30]",51595.0149998665,"31/10/2015"
"(30,45]",127168.239999533,"31/10/2015"
"(45,60]",152604.17400074,"31/10/2015"
"(60,Inf]",76572.1929996014,"31/10/2015"
"(0,18]",31672.0659999847,"01/11/2015"
"(18,30]",51436.818000555,"01/11/2015"
"(30,45]",150719.115000486,"01/11/2015"
"(45,60]",197370.544000626,"01/11/2015"
"(60,Inf]",112639.274000883,"01/11/2015"
"(0,18]",31136.6499998569,"02/11/2015"
"(18,30]",102725.406999826,"02/11/2015"
"(30,45]",300336.620998859,"02/11/2015"
"(45,60]",256608.669999599,"02/11/2015"
"(60,Inf]",87470.7080006599,"02/11/2015"
"(0,18]",4394.15000033379,"03/11/2015"
"(18,30]",109338.839999437,"03/11/2015"
"(30,45]",231369.072000027,"03/11/2015"
"(45,60]",199218.183001041,"03/11/2015"
"(60,Inf]",79161.921998024,"03/11/2015"
"(0,18]",6568.91899991035,"04/11/2015"
"(18,30]",73451.657999754,"04/11/2015"
"(30,45]",190128.524997473,"04/11/2015"
"(45,60]",184348.988999367,"04/11/2015"
"(60,Inf]",111892.81299758,"04/11/2015"
"(0,18]",1690.70399999619,"05/11/2015"
"(18,30]",75284.3970010281,"05/11/2015"
"(30,45]",218891.267998457,"05/11/2015"
"(45,60]",217970.845999956,"05/11/2015"
"(60,Inf]",99228.4640014172,"05/11/2015"
"(0,18]",44273.1429998875,"06/11/2015"
"(18,30]",91386.1269989014,"06/11/2015"
"(30,45]",268638.008000135,"06/11/2015"
"(45,60]",246488.075000286,"06/11/2015"
"(60,Inf]",110435.66899848,"06/11/2015"
"(0,18]",44504.6929998398,"07/11/2015"
"(18,30]",142538.989000559,"07/11/2015"
"(30,45]",268359.763998985,"07/11/2015"
"(45,60]",225115.090001106,"07/11/2015"
"(60,Inf]",119950.837999344,"07/11/2015"
"(0,18]",33333.1959998608,"08/11/2015"
"(18,30]",63103.5780014992,"08/11/2015"
"(30,45]",383385.410000801,"08/11/2015"
"(45,60]",316330.191001177,"08/11/2015"
"(60,Inf]",97852.2379984856,"08/11/2015"
"(18,30]",87869.2290017605,"09/11/2015"
"(30,45]",279912.012002945,"09/11/2015"
"(45,60]",237018.430999994,"09/11/2015"
"(60,Inf]",113858.749000788,"09/11/2015"
"(18,30]",79785.3619987965,"10/11/2015"
"(30,45]",268686.355000496,"10/11/2015"
"(45,60]",317921.468000174,"10/11/2015"
"(60,Inf]",150813.332999229,"10/11/2015"
"(18,30]",94030.1570026875,"11/11/2015"
"(30,45]",321791.064000368,"11/11/2015"
"(45,60]",307825.658996344,"11/11/2015"
"(60,Inf]",105306.706999302,"11/11/2015"
"(0,18]",6924.12000012398,"12/11/2015"
"(18,30]",84880.3389978409,"12/11/2015"
"(30,45]",325336.486997366,"12/11/2015"
"(45,60]",382679.612999201,"12/11/2015"
"(60,Inf]",139072.920000315,"12/11/2015"
"(0,18]",56360.6179997921,"13/11/2015"
"(18,30]",80570.8230011463,"13/11/2015"
"(30,45]",294972.922999144,"13/11/2015"
"(45,60]",287729.832999706,"13/11/2015"
"(60,Inf]",108207.78500104,"13/11/2015"
"(0,18]",15135.9450001717,"14/11/2015"
"(18,30]",63992.4819989204,"14/11/2015"
"(30,45]",237167.495000362,"14/11/2015"
"(45,60]",216936.714999199,"14/11/2015"
"(60,Inf]",108517.502999783,"14/11/2015"
"(0,18]",9300.92600011826,"15/11/2015"
"(18,30]",53928.0059990883,"15/11/2015"
"(30,45]",230153.059998751,"15/11/2015"
"(45,60]",253406.510999918,"15/11/2015"
"(60,Inf]",92011.4850001335,"15/11/2015"
"(0,18]",12187.3230001926,"16/11/2015"
"(18,30]",82267.4729983807,"16/11/2015"
"(30,45]",278993.815998316,"16/11/2015"
"(45,60]",265807.138998985,"16/11/2015"
"(60,Inf]",122715.396999121,"16/11/2015"
"(0,18]",2092.09699988365,"17/11/2015"
"(18,30]",56993.0020003319,"17/11/2015"
"(30,45]",233898.70699811,"17/11/2015"
"(45,60]",210124.23699832,"17/11/2015"
"(60,Inf]",112259.775999069,"17/11/2015"
"(0,18]",3187.64600014687,"18/11/2015"
"(18,30]",65123.7080001831,"18/11/2015"
"(30,45]",274700.386001587,"18/11/2015"
"(45,60]",253464.383998632,"18/11/2015"
"(60,Inf]",98795.6969988346,"18/11/2015"
"(0,18]",487.867000102997,"19/11/2015"
"(18,30]",65706.137001276,"19/11/2015"
"(30,45]",260764.521999836,"19/11/2015"
"(45,60]",293227.71999979,"19/11/2015"
"(60,Inf]",132480.636998892,"19/11/2015"
"(0,18]",16845.3930001259,"20/11/2015"
"(18,30]",61907.1980009079,"20/11/2015"
"(30,45]",244812.599002123,"20/11/2015"
"(45,60]",201851.134998798,"20/11/2015"
"(60,Inf]",108452.71800065,"20/11/2015"
"(0,18]",5587.69600009918,"21/11/2015"
"(18,30]",19789.0169997215,"21/11/2015"
"(30,45]",65586.6089997292,"21/11/2015"
"(45,60]",52046.0669996738,"21/11/2015"
"(60,Inf]",17390.8589999676,"21/11/2015"
"(18,30]",10556.3309996128,"22/11/2015"
"(30,45]",25103.0879995823,"22/11/2015"
"(45,60]",20869.6730005741,"22/11/2015"
"(60,Inf]",27301.7589995861,"22/11/2015"
"(18,30]",67605.2490003109,"23/11/2015"
"(30,45]",199742.31200099,"23/11/2015"
"(45,60]",221329.419000864,"23/11/2015"
"(60,Inf]",111508.570999622,"23/11/2015"
"(0,18]",12543.8039999008,"24/11/2015"
"(18,30]",30803.8449997902,"24/11/2015"
"(30,45]",117431.159999847,"24/11/2015"
"(45,60]",83384.4569997787,"24/11/2015"
"(60,Inf]",41236.0180003643,"24/11/2015"
"(18,30]",80689.7130000591,"25/11/2015"
"(30,45]",214364.133000851,"25/11/2015"
"(45,60]",188663.130001068,"25/11/2015"
"(60,Inf]",89957.1519985199,"25/11/2015"
"(18,30]",31554.9770002365,"26/11/2015"
"(30,45]",144076.207003355,"26/11/2015"
"(45,60]",98280.3899998665,"26/11/2015"
"(60,Inf]",32616.5569999218,"26/11/2015"
"(0,18]",23079.1010000706,"27/11/2015"
"(18,30]",39077.9020004272,"27/11/2015"
"(30,45]",189482.61999917,"27/11/2015"
"(45,60]",142832.36500144,"27/11/2015"
"(60,Inf]",85055.3269994259,"27/11/2015"
"(0,18]",41822.1980001926,"28/11/2015"
"(18,30]",36345.6490001678,"28/11/2015"
"(30,45]",118546.237002373,"28/11/2015"
"(45,60]",141139.459000349,"28/11/2015"
"(60,Inf]",79394.5070002079,"28/11/2015"
"(0,18]",16343.4990000725,"29/11/2015"
"(18,30]",35258.7559995651,"29/11/2015"
"(30,45]",126963.795000076,"29/11/2015"
"(45,60]",167927.499000788,"29/11/2015"
"(60,Inf]",69875.6570003033,"29/11/2015"
"(0,18]",1155.4929997921,"30/11/2015"
"(18,30]",57878.8659996986,"30/11/2015"
"(30,45]",283973.658998013,"30/11/2015"
"(45,60]",214709.26100111,"30/11/2015"
"(60,Inf]",106813.784000635,"30/11/2015"
"(0,18]",1101.54999995232,"01/12/2015"
"(18,30]",90442.9350004196,"01/12/2015"
"(30,45]",291241.863001585,"01/12/2015"
"(45,60]",285271.235000134,"01/12/2015"
"(60,Inf]",82697.5660004616,"01/12/2015"
"(0,18]",3017.37299990654,"02/12/2015"
"(18,30]",62225.7790009975,"02/12/2015"
"(30,45]",319084.762001753,"02/12/2015"
"(45,60]",258099.60100174,"02/12/2015"
"(60,Inf]",94073.8519985676,"02/12/2015"
"(0,18]",1219.91899991035,"03/12/2015"
"(18,30]",57429.0280003548,"03/12/2015"
"(30,45]",218914.245999098,"03/12/2015"
"(45,60]",193082.569001198,"03/12/2015"
"(60,Inf]",91994.7540009022,"03/12/2015"
"(0,18]",969.94000005722,"04/12/2015"
"(18,30]",56044.2359995842,"04/12/2015"
"(30,45]",214886.753000975,"04/12/2015"
"(45,60]",207009.650002718,"04/12/2015"
"(60,Inf]",96843.7860000134,"04/12/2015"
"(0,18]",618.677000045776,"05/12/2015"
"(18,30]",43916.6510000229,"05/12/2015"
"(30,45]",170463.10699892,"05/12/2015"
"(45,60]",152154.004999399,"05/12/2015"
"(60,Inf]",93314.5319993496,"05/12/2015"
"(0,18]",4857.13000011444,"06/12/2015"
"(18,30]",37807.0240008831,"06/12/2015"
"(30,45]",113180.51699996,"06/12/2015"
"(45,60]",135259.809998512,"06/12/2015"
"(60,Inf]",85315.2940001488,"06/12/2015"
"(0,18]",598.509999990463,"07/12/2015"
"(18,30]",33954.2280004025,"07/12/2015"
"(30,45]",152678.553001404,"07/12/2015"
"(45,60]",136514.416999817,"07/12/2015"
"(60,Inf]",55304.9669997692,"07/12/2015"
"(0,18]",668.142999887466,"08/12/2015"
"(18,30]",65488.2660007477,"08/12/2015"
"(30,45]",162708.093998909,"08/12/2015"
"(45,60]",181279.902001381,"08/12/2015"
"(60,Inf]",67808.265999794,"08/12/2015"
"(18,30]",72046.3339998722,"09/12/2015"
"(30,45]",273121.234002113,"09/12/2015"
"(45,60]",252409.954999924,"09/12/2015"
"(60,Inf]",94981.0280001163,"09/12/2015"
"(0,18]",624.822999954224,"10/12/2015"
"(18,30]",72065.2329995632,"10/12/2015"
"(30,45]",264937.75200057,"10/12/2015"
"(45,60]",246663.259000778,"10/12/2015"
"(60,Inf]",74777.4869997501,"10/12/2015"
"(18,30]",84898.8359985352,"11/12/2015"
"(30,45]",248689.029998779,"11/12/2015"
"(45,60]",231689.261002779,"11/12/2015"
"(60,Inf]",94224.9810004234,"11/12/2015"
"(18,30]",73550.2510004044,"12/12/2015"
"(30,45]",126583.914000273,"12/12/2015"
"(45,60]",199319.986001253,"12/12/2015"
"(60,Inf]",47890.1609997749,"12/12/2015"
"(0,18]",573.763000011444,"13/12/2015"
"(18,30]",34455.0310006142,"13/12/2015"
"(30,45]",143405.698001623,"13/12/2015"
"(45,60]",100506.781000614,"13/12/2015"
"(60,Inf]",58698.2030003071,"13/12/2015"
"(18,30]",47594.6220004559,"14/12/2015"
"(30,45]",142222.261000872,"14/12/2015"
"(45,60]",92161.8109993935,"14/12/2015"
"(60,Inf]",25575.6850001812,"14/12/2015"
"(0,18]",1588.65700006485,"15/12/2015"
"(18,30]",83412.1630005836,"15/12/2015"
"(30,45]",204799.433997869,"15/12/2015"
"(45,60]",188901.394999981,"15/12/2015"
"(60,Inf]",101788.19299984,"15/12/2015"
"(0,18]",2005.21000003815,"16/12/2015"
"(18,30]",73614.8109998703,"16/12/2015"
"(30,45]",187073.536002398,"16/12/2015"
"(45,60]",266938.784002542,"16/12/2015"
"(60,Inf]",86099.4160003662,"16/12/2015"
"(0,18]",2272.75,"17/12/2015"
"(18,30]",52534.4589998722,"17/12/2015"
"(30,45]",151401.266001701,"17/12/2015"
"(45,60]",130218.694000006,"17/12/2015"
"(60,Inf]",58261.7320001125,"17/12/2015"
"(0,18]",13155.3629999161,"18/12/2015"
"(18,30]",57123.3349988461,"18/12/2015"
"(30,45]",169887.397999287,"18/12/2015"
"(45,60]",175530.427000523,"18/12/2015"
"(60,Inf]",88605.3549983501,"18/12/2015"
"(0,18]",550.732999801636,"19/12/2015"
"(18,30]",33366.0300006866,"19/12/2015"
"(30,45]",92631.4580006599,"19/12/2015"
"(45,60]",105059.727000475,"19/12/2015"
"(60,Inf]",40275.4510002136,"19/12/2015"
"(18,30]",28721.9290006161,"20/12/2015"
"(30,45]",85727.5850021839,"20/12/2015"
"(45,60]",107223.828998327,"20/12/2015"
"(60,Inf]",67885.6829998493,"20/12/2015"
"(0,18]",609.944000005722,"21/12/2015"
"(18,30]",65068.5110006332,"21/12/2015"
"(30,45]",199283.072000504,"21/12/2015"
"(45,60]",203821.697995901,"21/12/2015"
"(60,Inf]",73207.6149990559,"21/12/2015"
"(0,18]",5061.87700009346,"22/12/2015"
"(18,30]",44471.4679992199,"22/12/2015"
"(30,45]",168313.421999693,"22/12/2015"
"(45,60]",126320.131000519,"22/12/2015"
"(60,Inf]",30587.4360001087,"22/12/2015"
"(18,30]",38934.9470000267,"23/12/2015"
"(30,45]",176984.778001308,"23/12/2015"
"(45,60]",140761.776001215,"23/12/2015"
"(60,Inf]",53225.2240004539,"23/12/2015"
"(0,18]",629.649999856949,"24/12/2015"
"(18,30]",17813.2000000477,"24/12/2015"
"(30,45]",55693.3140003681,"24/12/2015"
"(45,60]",63083.0039999485,"24/12/2015"
"(60,Inf]",33908.2780001163,"24/12/2015"
"(18,30]",45223.8960001469,"26/12/2015"
"(30,45]",147596.205998421,"26/12/2015"
"(45,60]",125053.34800148,"26/12/2015"
"(60,Inf]",75922.3979997635,"26/12/2015"
"(0,18]",3782.74000000954,"27/12/2015"
"(18,30]",54244.2220013142,"27/12/2015"
"(30,45]",173618.306998491,"27/12/2015"
"(45,60]",156152.45600009,"27/12/2015"
"(60,Inf]",68923.1349995136,"27/12/2015"
"(18,30]",68210.1139993668,"28/12/2015"
"(30,45]",60030.8019998074,"28/12/2015"
"(45,60]",36799.8539996147,"28/12/2015"
"(60,Inf]",32827.7330000401,"28/12/2015"
"(18,30]",98562.5360012054,"29/12/2015"
"(30,45]",170838.944000244,"29/12/2015"
"(45,60]",137162.921000004,"29/12/2015"
"(60,Inf]",74018.9089999199,"29/12/2015"
"(18,30]",20974.9100000858,"30/12/2015"
"(30,45]",51818.4109988213,"30/12/2015"
"(45,60]",75283.1130008698,"30/12/2015"
"(60,Inf]",28566.5449998379,"30/12/2015"
"(18,30]",38332.2730000019,"31/12/2015"
"(30,45]",46222.4319996834,"31/12/2015"
"(45,60]",46368.2200000286,"31/12/2015"
"(60,Inf]",14030.771999836,"31/12/2015"
"(18,30]",28872.5650000572,"02/01/2016"
"(30,45]",115831.323999643,"02/01/2016"
"(45,60]",104002.600000143,"02/01/2016"
"(60,Inf]",56165.5300004482,"02/01/2016"
"(18,30]",8788.62800002098,"03/01/2016"
"(30,45]",9588.84500074387,"03/01/2016"
"(45,60]",8082.53600001335,"03/01/2016"
"(60,Inf]",2562.56599998474,"03/01/2016"
"(0,18]",1222.37299990654,"04/01/2016"
"(18,30]",41620.8970000744,"04/01/2016"
"(30,45]",63963.4140005112,"04/01/2016"
"(45,60]",36964.6399996281,"04/01/2016"
"(60,Inf]",7361.125,"04/01/2016"
"(18,30]",7636.40699982643,"05/01/2016"
"(30,45]",39955.6260006428,"05/01/2016"
"(45,60]",20199.4330000877,"05/01/2016"
"(60,Inf]",6345.04500031471,"05/01/2016"
"(0,18]",518.623000144958,"07/01/2016"
"(18,30]",3462.0790002346,"07/01/2016"
"(30,45]",14664.1980001926,"07/01/2016"
"(45,60]",6622.00299954414,"07/01/2016"
"(0,18]",370.483000040054,"08/01/2016"
"(18,30]",21298.6389994621,"08/01/2016"
"(30,45]",53184.227001667,"08/01/2016"
"(45,60]",53925.0050008297,"08/01/2016"
"(60,Inf]",8689.81100010872,"08/01/2016"
"(18,30]",7242.16400003433,"09/01/2016"
"(30,45]",25476.7419998646,"09/01/2016"
"(45,60]",7485.12499952316,"09/01/2016"
"(60,Inf]",9323.60799980164,"09/01/2016"
"(18,30]",5759.98399996758,"10/01/2016"
"(30,45]",30058.3260002136,"10/01/2016"
"(45,60]",26789.7039997578,"10/01/2016"
"(60,Inf]",14783.875,"10/01/2016"
"(18,30]",59646.1429994106,"11/01/2016"
"(30,45]",96225.6219968796,"11/01/2016"
"(45,60]",88571.6329994202,"11/01/2016"
"(60,Inf]",31054.4530003071,"11/01/2016"
"(18,30]",47539.3180010319,"12/01/2016"
"(30,45]",173439.688001394,"12/01/2016"
"(45,60]",132484.185999393,"12/01/2016"
"(60,Inf]",57286.5819993019,"12/01/2016"
"(0,18]",975.892999887466,"13/01/2016"
"(18,30]",17763.5750005245,"13/01/2016"
"(30,45]",80477.7340009212,"13/01/2016"
"(45,60]",56570.9740004539,"13/01/2016"
"(60,Inf]",17825.2490000725,"13/01/2016"
"(0,18]",940.801999807358,"14/01/2016"
"(18,30]",32063.0069999695,"14/01/2016"
"(30,45]",142214.114998579,"14/01/2016"
"(45,60]",121912.644000053,"14/01/2016"
"(60,Inf]",45306.4150011539,"14/01/2016"
"(0,18]",3166.41800022125,"15/01/2016"
"(18,30]",46961.04500103,"15/01/2016"
"(30,45]",174938.834999561,"15/01/2016"
"(45,60]",125043.224000454,"15/01/2016"
"(60,Inf]",36818.83700037,"15/01/2016"
"(0,18]",15765.2600002289,"16/01/2016"
"(18,30]",41164.2899992466,"16/01/2016"
"(30,45]",165183.037998915,"16/01/2016"
"(45,60]",194283.058001041,"16/01/2016"
"(60,Inf]",63718.1599998474,"16/01/2016"
"(0,18]",651.516999959946,"17/01/2016"
"(18,30]",9228.44699978828,"17/01/2016"
"(30,45]",19149.5930001736,"17/01/2016"
"(45,60]",32075.8360002041,"17/01/2016"
"(60,Inf]",4862.94799995422,"17/01/2016"
"(0,18]",5995.39300012589,"18/01/2016"
"(18,30]",23380.6760008335,"18/01/2016"
"(30,45]",124904.131000519,"18/01/2016"
"(45,60]",97765.5059988499,"18/01/2016"
"(60,Inf]",31515.6299993992,"18/01/2016"
"(0,18]",601.869999885559,"19/01/2016"
"(18,30]",60903.8790006638,"19/01/2016"
"(30,45]",165762.659997702,"19/01/2016"
"(45,60]",223281.545999527,"19/01/2016"
"(60,Inf]",70054.5119991302,"19/01/2016"
"(0,18]",746.05999994278,"20/01/2016"
"(18,30]",59860.7589998245,"20/01/2016"
"(30,45]",202307.812001705,"20/01/2016"
"(45,60]",190440.880999327,"20/01/2016"
"(60,Inf]",60835.2700002193,"20/01/2016"
"(0,18]",6803.70699977875,"21/01/2016"
"(18,30]",56872.7550001144,"21/01/2016"
"(30,45]",195961.039000273,"21/01/2016"
"(45,60]",218036.233000278,"21/01/2016"
"(60,Inf]",97623.7820010185,"21/01/2016"
"(0,18]",20607.2649998665,"22/01/2016"
"(18,30]",25410.2100002766,"22/01/2016"
"(30,45]",103267.575998306,"22/01/2016"
"(45,60]",62481.8080000877,"22/01/2016"
"(60,Inf]",28708.8630001545,"22/01/2016"
"(18,30]",48483.75,"23/01/2016"
"(30,45]",128208.705998421,"23/01/2016"
"(45,60]",160384.730000734,"23/01/2016"
"(60,Inf]",88338.685999155,"23/01/2016"
"(0,18]",15522.7159998417,"24/01/2016"
"(18,30]",60658.1860001087,"24/01/2016"
"(30,45]",277072.309999943,"24/01/2016"
"(45,60]",201845.266999722,"24/01/2016"
"(60,Inf]",107686.355000496,"24/01/2016"
"(18,30]",13022.1370005608,"25/01/2016"
"(30,45]",58343.7750003338,"25/01/2016"
"(45,60]",69631.431000948,"25/01/2016"
"(60,Inf]",39555.1569998264,"25/01/2016"
"(0,18]",4105.72300004959,"26/01/2016"
"(18,30]",71828.7390005589,"26/01/2016"
"(30,45]",246484.5519979,"26/01/2016"
"(45,60]",200139.011999369,"26/01/2016"
"(60,Inf]",72033.0280003548,"26/01/2016"
"(0,18]",3263.27199983597,"27/01/2016"
"(18,30]",48468.3339996338,"27/01/2016"
"(30,45]",268801.9150002,"27/01/2016"
"(45,60]",178322.439000845,"27/01/2016"
"(60,Inf]",70566.8970005512,"27/01/2016"
"(18,30]",31152.373000145,"28/01/2016"
"(30,45]",77709.118999958,"28/01/2016"
"(45,60]",73850.1009988785,"28/01/2016"
"(60,Inf]",12162.454000473,"28/01/2016"
"(0,18]",1736.76099967957,"29/01/2016"
"(18,30]",41429.3229999542,"29/01/2016"
"(30,45]",231937.107996941,"29/01/2016"
"(45,60]",172190.578001499,"29/01/2016"
"(60,Inf]",129552.26700139,"29/01/2016"
"(0,18]",21223.5380003452,"30/01/2016"
"(18,30]",34834.1620008945,"30/01/2016"
"(30,45]",56218.0410001278,"30/01/2016"
"(45,60]",100569.003999949,"30/01/2016"
"(60,Inf]",44577.7369999886,"30/01/2016"
"(18,30]",29879.0460002422,"31/01/2016"
"(30,45]",92722.509999752,"31/01/2016"
"(45,60]",63849.2480010986,"31/01/2016"
"(60,Inf]",36500.6699995995,"31/01/2016"
"(18,30]",72920.892001152,"01/02/2016"
"(30,45]",213279.157001257,"01/02/2016"
"(45,60]",165013.979999542,"01/02/2016"
"(60,Inf]",75857.4999995232,"01/02/2016"
"(0,18]",2060.73000001907,"02/02/2016"
"(18,30]",48385.5560002327,"02/02/2016"
"(30,45]",200241.229000807,"02/02/2016"
"(45,60]",146644.539999485,"02/02/2016"
"(60,Inf]",90058.9960000515,"02/02/2016"
"(0,18]",1745.43099999428,"03/02/2016"
"(18,30]",77350.3579998016,"03/02/2016"
"(30,45]",247811.451998234,"03/02/2016"
"(45,60]",189324.362001419,"03/02/2016"
"(60,Inf]",88247.2699999809,"03/02/2016"
"(0,18]",3635.52699995041,"04/02/2016"
"(18,30]",76372.3009998798,"04/02/2016"
"(30,45]",252290.123000383,"04/02/2016"
"(45,60]",246563.41800046,"04/02/2016"
"(60,Inf]",121201.03899765,"04/02/2016"
"(0,18]",1727.26999998093,"05/02/2016"
"(18,30]",97239.230001688,"05/02/2016"
"(30,45]",154820.735001326,"05/02/2016"
"(45,60]",186073.453997612,"05/02/2016"
"(60,Inf]",100291.960999489,"05/02/2016"
"(0,18]",282.40700006485,"06/02/2016"
"(18,30]",16624.1180002689,"06/02/2016"
"(30,45]",31612.0400011539,"06/02/2016"
"(45,60]",30915.8690004349,"06/02/2016"
"(60,Inf]",28472.5700001717,"06/02/2016"
"(0,18]",14025.6960000992,"07/02/2016"
"(18,30]",69294.3859994411,"07/02/2016"
"(30,45]",71484.1730003357,"07/02/2016"
"(45,60]",81360.0399992466,"07/02/2016"
"(60,Inf]",19316.9209997654,"07/02/2016"
"(0,18]",5213.8100001812,"08/02/2016"
"(18,30]",45163.5999994278,"08/02/2016"
"(30,45]",130501.042000055,"08/02/2016"
"(45,60]",94067.8879995346,"08/02/2016"
"(60,Inf]",29481.8920001984,"08/02/2016"
"(18,30]",27977.7220001221,"09/02/2016"
"(30,45]",21809.8089995384,"09/02/2016"
"(45,60]",20337.8839995861,"09/02/2016"
"(60,Inf]",5301.99300026894,"09/02/2016"
"(0,18]",817.583999872208,"10/02/2016"
"(18,30]",8311.73599982262,"10/02/2016"
"(30,45]",70400.7450017929,"10/02/2016"
"(45,60]",39384.7779996395,"10/02/2016"
"(60,Inf]",6203.0110001564,"10/02/2016"
"(0,18]",1526.16399979591,"11/02/2016"
"(18,30]",32795.1679987907,"11/02/2016"
"(30,45]",89489.4470012188,"11/02/2016"
"(45,60]",101752.015000105,"11/02/2016"
"(60,Inf]",46725.8780002594,"11/02/2016"
"(18,30]",10194.6009998322,"12/02/2016"
"(30,45]",24494.3099997044,"12/02/2016"
"(45,60]",16949.9470005035,"12/02/2016"
"(60,Inf]",4585.95599985123,"12/02/2016"
"(0,18]",1978.30599999428,"13/02/2016"
"(18,30]",4304.72099995613,"13/02/2016"
"(30,45]",59801.3259994984,"13/02/2016"
"(45,60]",24277.2309997082,"13/02/2016"
"(60,Inf]",14729.9890003204,"13/02/2016"
"(18,30]",16775.7059998512,"14/02/2016"
"(30,45]",6447.60900020599,"14/02/2016"
"(45,60]",4431.69200015068,"14/02/2016"
"(60,Inf]",3593.57499980927,"14/02/2016"
"(18,30]",33817.7439987659,"15/02/2016"
"(30,45]",120804.576000929,"15/02/2016"
"(45,60]",79648.9030001163,"15/02/2016"
"(60,Inf]",48909.851000309,"15/02/2016"
"(0,18]",4281.93700003624,"16/02/2016"
"(18,30]",81950.5570013523,"16/02/2016"
"(30,45]",220316.889998198,"16/02/2016"
"(45,60]",181121.953999281,"16/02/2016"
"(60,Inf]",94099.3700006008,"16/02/2016"
"(18,30]",33045.0629990101,"17/02/2016"
"(30,45]",70179.9519999027,"17/02/2016"
"(45,60]",46166.7430000305,"17/02/2016"
"(60,Inf]",20415.7170000076,"17/02/2016"
"(0,18]",7974.9240000248,"18/02/2016"
"(18,30]",55367.3550009727,"18/02/2016"
"(30,45]",72558.5669987202,"18/02/2016"
"(45,60]",150153.146001577,"18/02/2016"
"(60,Inf]",57770.2419998646,"18/02/2016"
"(0,18]",14329.9459998608,"19/02/2016"
"(18,30]",67811.4139997959,"19/02/2016"
"(30,45]",161516.691998005,"19/02/2016"
"(45,60]",127022.091999531,"19/02/2016"
"(60,Inf]",81461.5109996796,"19/02/2016"
"(18,30]",41603.6879994869,"20/02/2016"
"(30,45]",143713.781999826,"20/02/2016"
"(45,60]",108495.515999794,"20/02/2016"
"(60,Inf]",57770.9120004177,"20/02/2016"
"(0,18]",3292.50999999046,"21/02/2016"
"(18,30]",50509.375,"21/02/2016"
"(30,45]",276003.894999504,"21/02/2016"
"(45,60]",190088.278999805,"21/02/2016"
"(60,Inf]",46241.7469995022,"21/02/2016"
"(18,30]",72422.4140012264,"22/02/2016"
"(30,45]",136597.156000137,"22/02/2016"
"(45,60]",102786.510998726,"22/02/2016"
"(60,Inf]",55473.0829999447,"22/02/2016"
"(0,18]",7138.87000012398,"23/02/2016"
"(18,30]",56353.8319983482,"23/02/2016"
"(30,45]",193009.798998356,"23/02/2016"
"(45,60]",218113.19199729,"23/02/2016"
"(60,Inf]",58035.9330003262,"23/02/2016"
"(0,18]",1010.68200016022,"24/02/2016"
"(18,30]",22904.1420001984,"24/02/2016"
"(30,45]",82516.956997633,"24/02/2016"
"(45,60]",57267.7309997082,"24/02/2016"
"(60,Inf]",25896.9210002422,"24/02/2016"
"(18,30]",35574.5499994755,"25/02/2016"
"(30,45]",144660.967000008,"25/02/2016"
"(45,60]",86565.1790001392,"25/02/2016"
"(60,Inf]",21147.4420001507,"25/02/2016"
"(0,18]",523.80999994278,"26/02/2016"
"(18,30]",32127.6849999428,"26/02/2016"
"(30,45]",83261.8790006638,"26/02/2016"
"(45,60]",55159.080000639,"26/02/2016"
"(60,Inf]",4319.07300019264,"26/02/2016"
"(0,18]",676.43700003624,"27/02/2016"
"(18,30]",24587.2639997005,"27/02/2016"
"(30,45]",32026.821999073,"27/02/2016"
"(45,60]",5910.62000012398,"27/02/2016"
"(60,Inf]",733.9359998703,"27/02/2016"
"(18,30]",37936.0999999046,"28/02/2016"
"(30,45]",75064.5840005875,"28/02/2016"
"(45,60]",37943.6740007401,"28/02/2016"
"(60,Inf]",11930.1240003109,"28/02/2016"
"(18,30]",50894.7220005989,"29/02/2016"
"(30,45]",237139.468998909,"29/02/2016"
"(45,60]",173225.451998711,"29/02/2016"
"(60,Inf]",99987.8120005131,"29/02/2016"
"(0,18]",11482.1119999886,"01/03/2016"
"(18,30]",63196.6660003662,"01/03/2016"
"(30,45]",260361.421000242,"01/03/2016"
"(45,60]",229770.80499959,"01/03/2016"
"(60,Inf]",62891.6130008698,"01/03/2016"
"(0,18]",552.922999858856,"02/03/2016"
"(18,30]",51636.5899987221,"02/03/2016"
"(30,45]",135493.232002258,"02/03/2016"
"(45,60]",93252.0059993267,"02/03/2016"
"(60,Inf]",20709.7300002575,"02/03/2016"
"(18,30]",72286.9870004654,"03/03/2016"
"(30,45]",247961.717998743,"03/03/2016"
"(45,60]",175279.153999805,"03/03/2016"
"(60,Inf]",85432.9489989281,"03/03/2016"
"(0,18]",1311.01999998093,"04/03/2016"
"(18,30]",17126.3309996128,"04/03/2016"
"(30,45]",72516.3779988289,"04/03/2016"
"(45,60]",37178.5549998283,"04/03/2016"
"(60,Inf]",20661.2679998875,"04/03/2016"
"(0,18]",2731.36299991608,"05/03/2016"
"(18,30]",9064.95399999619,"05/03/2016"
"(30,45]",73067.3219995499,"05/03/2016"
"(45,60]",32083.5510008335,"05/03/2016"
"(60,Inf]",8123.38200044632,"05/03/2016"
"(0,18]",774.399999856949,"06/03/2016"
"(18,30]",8048.7399995327,"06/03/2016"
"(30,45]",58343.835000515,"06/03/2016"
"(45,60]",44980.6400001049,"06/03/2016"
"(60,Inf]",22339.2769999504,"06/03/2016"
"(18,30]",45536.0590000153,"07/03/2016"
"(30,45]",74624.0669996738,"07/03/2016"
"(45,60]",58789.5479986668,"07/03/2016"
"(60,Inf]",12703.276999712,"07/03/2016"
"(18,30]",64761.3660011292,"08/03/2016"
"(30,45]",178100.517000198,"08/03/2016"
"(45,60]",146022.629001617,"08/03/2016"
"(60,Inf]",49111.4219994545,"08/03/2016"
"(0,18]",298.957000017166,"09/03/2016"
"(18,30]",51647.253000021,"09/03/2016"
"(30,45]",123434.125997782,"09/03/2016"
"(45,60]",105900.278001308,"09/03/2016"
"(60,Inf]",32962.0170001984,"09/03/2016"
"(0,18]",1263.30599999428,"10/03/2016"
"(18,30]",72512.7510004044,"10/03/2016"
"(30,45]",224614.600001097,"10/03/2016"
"(45,60]",180674.028999805,"10/03/2016"
"(60,Inf]",74183.5220003128,"10/03/2016"
"(0,18]",1555.95199990273,"11/03/2016"
"(18,30]",100635.880001307,"11/03/2016"
"(30,45]",283767.621002197,"11/03/2016"
"(45,60]",203646.975999594,"11/03/2016"
"(60,Inf]",81858.8989999294,"11/03/2016"
"(0,18]",19020.3510000706,"12/03/2016"
"(18,30]",74895.4639987946,"12/03/2016"
"(30,45]",260283.816999197,"12/03/2016"
"(45,60]",221868.323000431,"12/03/2016"
"(60,Inf]",64950.8939995766,"12/03/2016"
"(0,18]",3788.18700003624,"13/03/2016"
"(18,30]",109347.914000034,"13/03/2016"
"(30,45]",328798.096999645,"13/03/2016"
"(45,60]",302683.921001196,"13/03/2016"
"(60,Inf]",71518.4240012169,"13/03/2016"
"(0,18]",516.532999992371,"14/03/2016"
"(18,30]",75603.8740010262,"14/03/2016"
"(30,45]",271549.876999617,"14/03/2016"
"(45,60]",201698.481996775,"14/03/2016"
"(60,Inf]",104445.077998877,"14/03/2016"
"(0,18]",6065.70399999619,"15/03/2016"
"(18,30]",85802.4149997234,"15/03/2016"
"(30,45]",254215.223996878,"15/03/2016"
"(45,60]",227004.666996956,"15/03/2016"
"(60,Inf]",97689.8680002689,"15/03/2016"
"(0,18]",327.243999958038,"16/03/2016"
"(18,30]",74556.5900001526,"16/03/2016"
"(30,45]",216898.875000477,"16/03/2016"
"(45,60]",256154.1510005,"16/03/2016"
"(60,Inf]",125657.287998676,"16/03/2016"
"(0,18]",7648.69699978828,"17/03/2016"
"(18,30]",114293.555001259,"17/03/2016"
"(30,45]",291840.016000748,"17/03/2016"
"(45,60]",201368.138999462,"17/03/2016"
"(60,Inf]",75594.3080000877,"17/03/2016"
"(0,18]",6723.6880004406,"18/03/2016"
"(18,30]",45226.3979985714,"18/03/2016"
"(30,45]",145188.469002247,"18/03/2016"
"(45,60]",113470.705001354,"18/03/2016"
"(60,Inf]",56886.4279994965,"18/03/2016"
"(0,18]",675.210000038147,"19/03/2016"
"(18,30]",57095.6780002117,"19/03/2016"
"(30,45]",114190.654000759,"19/03/2016"
"(45,60]",141830.668001413,"19/03/2016"
"(60,Inf]",33859.423999548,"19/03/2016"
"(18,30]",7043.43399977684,"20/03/2016"
"(30,45]",47546.9710001945,"20/03/2016"
"(45,60]",51600.6250002384,"20/03/2016"
"(60,Inf]",14601.9960002899,"20/03/2016"
"(0,18]",8086.20700025558,"21/03/2016"
"(18,30]",57108.2840003967,"21/03/2016"
"(30,45]",216180.657001734,"21/03/2016"
"(45,60]",174075.774999619,"21/03/2016"
"(60,Inf]",50370.7760004997,"21/03/2016"
"(0,18]",893.547000169754,"22/03/2016"
"(18,30]",84810.2869992256,"22/03/2016"
"(30,45]",205821.018999815,"22/03/2016"
"(45,60]",192968.029000521,"22/03/2016"
"(60,Inf]",106219.127000093,"22/03/2016"
"(0,18]",5336.34699988365,"23/03/2016"
"(18,30]",45014.2319996357,"23/03/2016"
"(30,45]",159383.609003782,"23/03/2016"
"(45,60]",110885.570999146,"23/03/2016"
"(60,Inf]",65827.5110003948,"23/03/2016"
"(0,18]",527.626000165939,"24/03/2016"
"(18,30]",107196.468000412,"24/03/2016"
"(30,45]",156387.595000029,"24/03/2016"
"(45,60]",193021.570001125,"24/03/2016"
"(60,Inf]",91281.3100008965,"24/03/2016"
"(0,18]",6196.50699996948,"25/03/2016"
"(18,30]",9858.05599975586,"25/03/2016"
"(30,45]",20784.2209997177,"25/03/2016"
"(45,60]",34187.8969995975,"25/03/2016"
"(60,Inf]",3715.16600012779,"25/03/2016"
"(0,18]",3113.22300004959,"26/03/2016"
"(18,30]",9223.36500048637,"26/03/2016"
"(30,45]",28658.6060004234,"26/03/2016"
"(45,60]",27331.3000006676,"26/03/2016"
"(60,Inf]",20247.9669997692,"26/03/2016"
"(0,18]",552.210000038147,"27/03/2016"
"(18,30]",41618.8129997253,"27/03/2016"
"(30,45]",84115.2520003319,"27/03/2016"
"(45,60]",85481.3959999084,"27/03/2016"
"(60,Inf]",23927.5319993496,"27/03/2016"
"(18,30]",84989.3040006161,"28/03/2016"
"(30,45]",205350.548998833,"28/03/2016"
"(45,60]",152032.021000862,"28/03/2016"
"(60,Inf]",46925.8869993687,"28/03/2016"
"(0,18]",593.370000123978,"29/03/2016"
"(18,30]",10015.7510001659,"29/03/2016"
"(30,45]",34309.9769995213,"29/03/2016"
"(45,60]",21716.6640005112,"29/03/2016"
"(60,Inf]",18709.4429998398,"29/03/2016"
"(30,45]",20452.1079998016,"30/03/2016"
"(45,60]",6055.55399990082,"30/03/2016"
"(18,30]",102611.313001156,"31/03/2016"
"(30,45]",239612.226998806,"31/03/2016"
"(45,60]",179095.940999269,"31/03/2016"
"(60,Inf]",66665.6949989796,"31/03/2016"
"(0,18]",32741.8079998493,"01/04/2016"
"(18,30]",90452.8110005856,"01/04/2016"
"(30,45]",231149.264999866,"01/04/2016"
"(45,60]",213183.259999275,"01/04/2016"
"(60,Inf]",120016.611999989,"01/04/2016"
"(0,18]",1308.8599998951,"02/04/2016"
"(18,30]",26111.8979992867,"02/04/2016"
"(30,45]",71978.1099998951,"02/04/2016"
"(45,60]",66900.0520000458,"02/04/2016"
"(60,Inf]",24423.3990001678,"02/04/2016"
"(0,18]",1269.87400007248,"03/04/2016"
"(18,30]",10303.3079996109,"03/04/2016"
"(30,45]",65546.9480004311,"03/04/2016"
"(45,60]",60660.3640005589,"03/04/2016"
"(60,Inf]",20200.8019998074,"03/04/2016"
"(18,30]",47191.3029980659,"04/04/2016"
"(30,45]",144723.448002577,"04/04/2016"
"(45,60]",121566.826001406,"04/04/2016"
"(60,Inf]",44926.1760008335,"04/04/2016"
"(0,18]",13705.9960002899,"05/04/2016"
"(18,30]",131646.274002314,"05/04/2016"
"(30,45]",302040.446997404,"05/04/2016"
"(45,60]",250720.275002241,"05/04/2016"
"(60,Inf]",103386.550999165,"05/04/2016"
"(0,18]",802.503000020981,"06/04/2016"
"(18,30]",87456.7439990044,"06/04/2016"
"(30,45]",197172.341998816,"06/04/2016"
"(45,60]",174309.540999651,"06/04/2016"
"(60,Inf]",91477.8740003109,"06/04/2016"
"(0,18]",5131.25699973106,"07/04/2016"
"(18,30]",109794.230000734,"07/04/2016"
"(30,45]",243126.081998587,"07/04/2016"
"(45,60]",193400.627001286,"07/04/2016"
"(60,Inf]",69544.7539997101,"07/04/2016"
"(0,18]",823.949999809265,"08/04/2016"
"(18,30]",67879.5100004673,"08/04/2016"
"(30,45]",179488.141997099,"08/04/2016"
"(45,60]",191698.612998247,"08/04/2016"
"(60,Inf]",85820.7479999065,"08/04/2016"
"(0,18]",20094.2790000439,"09/04/2016"
"(18,30]",69233.3369991779,"09/04/2016"
"(30,45]",161681.825000048,"09/04/2016"
"(45,60]",123252.956998587,"09/04/2016"
"(60,Inf]",59226.1470000744,"09/04/2016"
"(0,18]",660.915999889374,"10/04/2016"
"(18,30]",7334.78299975395,"10/04/2016"
"(30,45]",50381.3269994259,"10/04/2016"
"(45,60]",29542.4909999371,"10/04/2016"
"(60,Inf]",14072.3289999962,"10/04/2016"
"(0,18]",1022.33299994469,"11/04/2016"
"(18,30]",33614.2690012455,"11/04/2016"
"(30,45]",139014.941999197,"11/04/2016"
"(45,60]",83362.9079973698,"11/04/2016"
"(60,Inf]",37587.2460000515,"11/04/2016"
"(0,18]",11742.6019997597,"12/04/2016"
"(18,30]",41775.0800001621,"12/04/2016"
"(30,45]",141929.758999825,"12/04/2016"
"(45,60]",90409.2949995995,"12/04/2016"
"(60,Inf]",43012.979998827,"12/04/2016"
"(0,18]",952.992999792099,"13/04/2016"
"(18,30]",64839.9700000286,"13/04/2016"
"(30,45]",161997.336999655,"13/04/2016"
"(45,60]",125117.901998997,"13/04/2016"
"(60,Inf]",34799.8449995518,"13/04/2016"
"(0,18]",14733.8310005665,"14/04/2016"
"(18,30]",82730.9680011272,"14/04/2016"
"(30,45]",243070.105000734,"14/04/2016"
"(45,60]",259297.701999664,"14/04/2016"
"(60,Inf]",61646.4190011024,"14/04/2016"
"(0,18]",13501.8039999008,"15/04/2016"
"(18,30]",27118.1419994831,"15/04/2016"
"(30,45]",110142.683999777,"15/04/2016"
"(45,60]",107544.385999918,"15/04/2016"
"(60,Inf]",33387.6679987907,"15/04/2016"
"(18,30]",10540.4960000515,"16/04/2016"
"(30,45]",6077.90800023079,"16/04/2016"
"(45,60]",13656.1240000725,"16/04/2016"
"(60,Inf]",2486.00300002098,"16/04/2016"
"(0,18]",2140.47000002861,"17/04/2016"
"(18,30]",168370.618999243,"17/04/2016"
"(30,45]",470580.476999044,"17/04/2016"
"(45,60]",286129.329001427,"17/04/2016"
"(60,Inf]",78899.9740009308,"17/04/2016"
"(18,30]",92379.1130003929,"18/04/2016"
"(30,45]",273818.232000113,"18/04/2016"
"(45,60]",241925.361999273,"18/04/2016"
"(60,Inf]",102082.911998987,"18/04/2016"
"(0,18]",11025.7100000381,"19/04/2016"
"(18,30]",51126.6460011005,"19/04/2016"
"(30,45]",165443.166998625,"19/04/2016"
"(45,60]",112518.534998894,"19/04/2016"
"(60,Inf]",37455.4300005436,"19/04/2016"
"(0,18]",3201.36699986458,"20/04/2016"
"(18,30]",122631.196002483,"20/04/2016"
"(30,45]",293568.590000391,"20/04/2016"
"(45,60]",271285.660999537,"20/04/2016"
"(60,Inf]",156637.616000414,"20/04/2016"
"(0,18]",11531.2440001965,"21/04/2016"
"(18,30]",94496.4489991665,"21/04/2016"
"(30,45]",184265.205000639,"21/04/2016"
"(45,60]",195281.982997894,"21/04/2016"
"(60,Inf]",69921.6880002022,"21/04/2016"
"(0,18]",29232.615000248,"22/04/2016"
"(18,30]",96985.4619998932,"22/04/2016"
"(30,45]",176967.043999195,"22/04/2016"
"(45,60]",194210.815999508,"22/04/2016"
"(60,Inf]",97251.2220010757,"22/04/2016"
"(0,18]",514.039999961853,"23/04/2016"
"(18,30]",60331.7089989185,"23/04/2016"
"(30,45]",186953.439999819,"23/04/2016"
"(45,60]",175203.17900157,"23/04/2016"
"(60,Inf]",80758.4399995804,"23/04/2016"
"(0,18]",5893.48699998856,"24/04/2016"
"(18,30]",96482.1289997101,"24/04/2016"
"(30,45]",311098.688999653,"24/04/2016"
"(45,60]",300545.608999491,"24/04/2016"
"(60,Inf]",88400.6669995785,"24/04/2016"
"(0,18]",3116.63300013542,"25/04/2016"
"(18,30]",118654.705999851,"25/04/2016"
"(30,45]",355011.024999857,"25/04/2016"
"(45,60]",257022.655999422,"25/04/2016"
"(60,Inf]",137467.156998634,"25/04/2016"
"(0,18]",604.313000202179,"26/04/2016"
"(18,30]",86591.3310000896,"26/04/2016"
"(30,45]",314669.873000622,"26/04/2016"
"(45,60]",300510.343001127,"26/04/2016"
"(60,Inf]",88037.300000906,"26/04/2016"
"(0,18]",1874.72699999809,"27/04/2016"
"(18,30]",79482.1170005798,"27/04/2016"
"(30,45]",250224.809002399,"27/04/2016"
"(45,60]",229660.043998718,"27/04/2016"
"(60,Inf]",94038.8190011978,"27/04/2016"
"(0,18]",1807.77999973297,"28/04/2016"
"(18,30]",102744.061000347,"28/04/2016"
"(30,45]",286982.130997419,"28/04/2016"
"(45,60]",237915.930999041,"28/04/2016"
"(60,Inf]",119623.573999643,"28/04/2016"
"(0,18]",398.84700012207,"29/04/2016"
"(18,30]",85892.9739983082,"29/04/2016"
"(30,45]",252729.20400095,"29/04/2016"
"(45,60]",196853.342998743,"29/04/2016"
"(60,Inf]",100198.365000725,"29/04/2016"
"(18,30]",62949.3259997368,"30/04/2016"
"(30,45]",167928.243999958,"30/04/2016"
"(45,60]",190996.953000307,"30/04/2016"
"(60,Inf]",57774.5759990215,"30/04/2016"
"(18,30]",100518.054998636,"01/05/2016"
"(30,45]",238081.950001717,"01/05/2016"
"(45,60]",256308.09300065,"01/05/2016"
"(60,Inf]",64832.180999279,"01/05/2016"
"(18,30]",138772.192999601,"02/05/2016"
"(30,45]",303281.804000378,"02/05/2016"
"(45,60]",300431.7099998,"02/05/2016"
"(60,Inf]",165528.996000528,"02/05/2016"
"(0,18]",758.573999881744,"03/05/2016"
"(18,30]",121525.601999521,"03/05/2016"
"(30,45]",436006.613000154,"03/05/2016"
"(45,60]",271073.496998787,"03/05/2016"
"(60,Inf]",128100.396999121,"03/05/2016"
"(0,18]",1746.78400015831,"04/05/2016"
"(18,30]",175648.167001486,"04/05/2016"
"(30,45]",599463.649998188,"04/05/2016"
"(45,60]",345415.547000885,"04/05/2016"
"(60,Inf]",130477.670999289,"04/05/2016"
"(0,18]",8293.83000016212,"05/05/2016"
"(18,30]",100181.561000586,"05/05/2016"
"(30,45]",221562.103000641,"05/05/2016"
"(45,60]",172127.258999825,"05/05/2016"
"(60,Inf]",107870.760999918,"05/05/2016"
"(0,18]",6502.27700042725,"06/05/2016"
"(18,30]",71269.8820004463,"06/05/2016"
"(30,45]",129593.383998394,"06/05/2016"
"(45,60]",86817.4640004635,"06/05/2016"
"(60,Inf]",75571.5350000858,"06/05/2016"
"(0,18]",2219.75300002098,"07/05/2016"
"(18,30]",37123.619001627,"07/05/2016"
"(30,45]",107161.888000965,"07/05/2016"
"(45,60]",115837.019999981,"07/05/2016"
"(60,Inf]",37856.5940003395,"07/05/2016"
"(0,18]",585.786999940872,"08/05/2016"
"(18,30]",45429.6799993515,"08/05/2016"
"(30,45]",125138.211999893,"08/05/2016"
"(45,60]",118598.32400012,"08/05/2016"
"(60,Inf]",73850.0740003586,"08/05/2016"
"(18,30]",67577.5509998798,"09/05/2016"
"(30,45]",189900.432001829,"09/05/2016"
"(45,60]",235853.630998611,"09/05/2016"
"(60,Inf]",134243.620999813,"09/05/2016"
"(18,30]",69060.9400005341,"10/05/2016"
"(30,45]",156539.774000645,"10/05/2016"
"(45,60]",175019.46100235,"10/05/2016"
"(60,Inf]",76232.2860004902,"10/05/2016"
"(0,18]",347.947000026703,"11/05/2016"
"(18,30]",103524.111998081,"11/05/2016"
"(30,45]",300168.849997997,"11/05/2016"
"(45,60]",247245.879998207,"11/05/2016"
"(60,Inf]",97214.4899995327,"11/05/2016"
"(18,30]",88112.2469995022,"12/05/2016"
"(30,45]",234094.304998398,"12/05/2016"
"(45,60]",233899.354999304,"12/05/2016"
"(60,Inf]",98477.0940008163,"12/05/2016"
"(18,30]",24130.0289990902,"13/05/2016"
"(30,45]",93398.3020019531,"13/05/2016"
"(45,60]",53567.2750015259,"13/05/2016"
"(60,Inf]",23414.256000042,"13/05/2016"
"(0,18]",707.743000030518,"14/05/2016"
"(18,30]",8177.88999986649,"14/05/2016"
"(30,45]",44792.2300012112,"14/05/2016"
"(45,60]",31726.7030005455,"14/05/2016"
"(60,Inf]",6870.15999984741,"14/05/2016"
"(0,18]",7693.95300030708,"15/05/2016"
"(18,30]",67124.04500103,"15/05/2016"
"(30,45]",186888.30099988,"15/05/2016"
"(45,60]",177807.381999969,"15/05/2016"
"(60,Inf]",63089.297999382,"15/05/2016"
"(18,30]",122636.860999346,"16/05/2016"
"(30,45]",285340.917002678,"16/05/2016"
"(45,60]",287532.354998827,"16/05/2016"
"(60,Inf]",121931.521998405,"16/05/2016"
"(0,18]",3746.80300021172,"17/05/2016"
"(18,30]",106895.150000334,"17/05/2016"
"(30,45]",281014.896999836,"17/05/2016"
"(45,60]",273287.02799964,"17/05/2016"
"(60,Inf]",120875.318999052,"17/05/2016"
"(0,18]",1132.65700006485,"18/05/2016"
"(18,30]",95830.3890008926,"18/05/2016"
"(30,45]",255133.241000891,"18/05/2016"
"(45,60]",210939.443998575,"18/05/2016"
"(60,Inf]",87058.9830009937,"18/05/2016"
"(0,18]",6591.27999997139,"19/05/2016"
"(18,30]",90707.8949992657,"19/05/2016"
"(30,45]",256194.160997629,"19/05/2016"
"(45,60]",253052.767999649,"19/05/2016"
"(60,Inf]",107359.021999836,"19/05/2016"
"(0,18]",3211.09300017357,"20/05/2016"
"(18,30]",115465.689000607,"20/05/2016"
"(30,45]",277671.116999149,"20/05/2016"
"(45,60]",245538.591000795,"20/05/2016"
"(60,Inf]",105105.906999588,"20/05/2016"
"(0,18]",621.395999908447,"21/05/2016"
"(18,30]",36835.2969999313,"21/05/2016"
"(30,45]",92304.7059996128,"21/05/2016"
"(45,60]",90505.9660000801,"21/05/2016"
"(60,Inf]",64494.9029996395,"21/05/2016"
"(0,18]",15913.5839998722,"22/05/2016"
"(18,30]",72099.5840005875,"22/05/2016"
"(30,45]",304805.936002016,"22/05/2016"
"(45,60]",283751.936000109,"22/05/2016"
"(60,Inf]",108629.62299943,"22/05/2016"
"(0,18]",1260.03600001335,"23/05/2016"
"(18,30]",131766.786999464,"23/05/2016"
"(30,45]",315506.812997103,"23/05/2016"
"(45,60]",296236.767999649,"23/05/2016"
"(60,Inf]",147679.944999695,"23/05/2016"
"(0,18]",5322.44699978828,"24/05/2016"
"(18,30]",62350.0290002823,"24/05/2016"
"(30,45]",199744.132002115,"24/05/2016"
"(45,60]",183697.698000431,"24/05/2016"
"(60,Inf]",76242.0120000839,"24/05/2016"
"(0,18]",939.259000062943,"25/05/2016"
"(18,30]",115980.74899888,"25/05/2016"
"(30,45]",216028.15700078,"25/05/2016"
"(45,60]",214104.286998034,"25/05/2016"
"(60,Inf]",107208.732000589,"25/05/2016"
"(0,18]",996.712999820709,"26/05/2016"
"(18,30]",127283.087999344,"26/05/2016"
"(30,45]",329137.478003263,"26/05/2016"
"(45,60]",265356.693001032,"26/05/2016"
"(60,Inf]",157538.620999813,"26/05/2016"
"(0,18]",938.183000087738,"27/05/2016"
"(18,30]",89299.0990004539,"27/05/2016"
"(30,45]",225099.828998804,"27/05/2016"
"(45,60]",232651.996999502,"27/05/2016"
"(60,Inf]",104219.868000507,"27/05/2016"
"(0,18]",1299.06699991226,"28/05/2016"
"(18,30]",28501.651999712,"28/05/2016"
"(30,45]",139960.418999434,"28/05/2016"
"(45,60]",81507.0799992085,"28/05/2016"
"(60,Inf]",27341.362000227,"28/05/2016"
"(0,18]",2848.4399998188,"29/05/2016"
"(18,30]",77468.1969993114,"29/05/2016"
"(30,45]",151477.880001068,"29/05/2016"
"(45,60]",178574.486999989,"29/05/2016"
"(60,Inf]",72329.9549999237,"29/05/2016"
"(0,18]",1360.3069999218,"30/05/2016"
"(18,30]",113740.020001173,"30/05/2016"
"(30,45]",322410.478001833,"30/05/2016"
"(45,60]",309133.156997204,"30/05/2016"
"(60,Inf]",133237.845001936,"30/05/2016"
"(0,18]",9811.4299993515,"31/05/2016"
"(18,30]",117073.932997227,"31/05/2016"
"(30,45]",370281.1509974,"31/05/2016"
"(45,60]",306775.776998043,"31/05/2016"
"(60,Inf]",130805.10800004,"31/05/2016"
"(0,18]",2377.43299984932,"01/06/2016"
"(18,30]",146340.232999325,"01/06/2016"
"(30,45]",364752.052002907,"01/06/2016"
"(45,60]",275141.446001291,"01/06/2016"
"(60,Inf]",112928.737999678,"01/06/2016"
"(0,18]",6359.4969997406,"02/06/2016"
"(18,30]",136549.360000134,"02/06/2016"
"(30,45]",349364.176999331,"02/06/2016"
"(45,60]",359775.138996601,"02/06/2016"
"(60,Inf]",220446.334999323,"02/06/2016"
"(0,18]",4968.98099994659,"03/06/2016"
"(18,30]",151705.297999144,"03/06/2016"
"(30,45]",308449.6720016,"03/06/2016"
"(45,60]",301361.592999458,"03/06/2016"
"(60,Inf]",138774.136001348,"03/06/2016"
"(0,18]",2505.1400001049,"04/06/2016"
"(18,30]",95877.4260008335,"04/06/2016"
"(30,45]",276330.274998903,"04/06/2016"
"(45,60]",229605.383001566,"04/06/2016"
"(60,Inf]",107392.665999889,"04/06/2016"
"(0,18]",2458.88399982452,"05/06/2016"
"(18,30]",128832.76099968,"05/06/2016"
"(30,45]",210361.778000116,"05/06/2016"
"(45,60]",242864.983999252,"05/06/2016"
"(60,Inf]",105523.831999779,"05/06/2016"
"(0,18]",2981.73000001907,"06/06/2016"
"(18,30]",128055.17999959,"06/06/2016"
"(30,45]",281998.912000418,"06/06/2016"
"(45,60]",206086.36199975,"06/06/2016"
"(60,Inf]",114153.07199955,"06/06/2016"
"(18,30]",181977.684001446,"07/06/2016"
"(30,45]",363918.603002548,"07/06/2016"
"(45,60]",359549.40500164,"07/06/2016"
"(60,Inf]",227646.445997953,"07/06/2016"
"(0,18]",2722.26999974251,"08/06/2016"
"(18,30]",161726.303998232,"08/06/2016"
"(30,45]",338270.107001543,"08/06/2016"
"(45,60]",289851.531996489,"08/06/2016"
"(60,Inf]",194705.330000401,"08/06/2016"
"(0,18]",2015.66100025177,"09/06/2016"
"(18,30]",146199.865999222,"09/06/2016"
"(30,45]",288851.097000599,"09/06/2016"
"(45,60]",221154.671000004,"09/06/2016"
"(60,Inf]",142682.984999418,"09/06/2016"
"(0,18]",3695.28099989891,"10/06/2016"
"(18,30]",120531.47500062,"10/06/2016"
"(30,45]",330450.724003077,"10/06/2016"
"(45,60]",282874.332000494,"10/06/2016"
"(60,Inf]",164208.740999699,"10/06/2016"
"(0,18]",11055.1029999256,"11/06/2016"
"(18,30]",77722.6700000763,"11/06/2016"
"(30,45]",190810.066998959,"11/06/2016"
"(45,60]",189232.452001095,"11/06/2016"
"(60,Inf]",87968.9689998627,"11/06/2016"
"(18,30]",43248.9670000076,"12/06/2016"
"(30,45]",117224.345000744,"12/06/2016"
"(45,60]",103788.946000814,"12/06/2016"
"(60,Inf]",71252.0429997444,"12/06/2016"
"(0,18]",1677.22000002861,"13/06/2016"
"(18,30]",132919.742000103,"13/06/2016"
"(30,45]",290954.116001129,"13/06/2016"
"(45,60]",163700.213998795,"13/06/2016"
"(60,Inf]",93660.5290005207,"13/06/2016"
"(0,18]",9802.54099965096,"14/06/2016"
"(18,30]",142579.946998119,"14/06/2016"
"(30,45]",255405.277998686,"14/06/2016"
"(45,60]",243239.145000458,"14/06/2016"
"(60,Inf]",112139.198997974,"14/06/2016"
"(0,18]",2539.31299996376,"15/06/2016"
"(18,30]",50792.9459998608,"15/06/2016"
"(30,45]",116466.890000582,"15/06/2016"
"(45,60]",72762.7889995575,"15/06/2016"
"(60,Inf]",34499.193000555,"15/06/2016"
"(0,18]",1365.05999994278,"16/06/2016"
"(18,30]",94139.3830018044,"16/06/2016"
"(30,45]",228679.273998737,"16/06/2016"
"(45,60]",211089.502999067,"16/06/2016"
"(60,Inf]",117627.131999016,"16/06/2016"
"(0,18]",4551.21199989319,"17/06/2016"
"(18,30]",91336.2629995346,"17/06/2016"
"(30,45]",170183.039999247,"17/06/2016"
"(45,60]",202590.00200057,"17/06/2016"
"(60,Inf]",104001.966001034,"17/06/2016"
"(0,18]",13970.4519999027,"18/06/2016"
"(18,30]",72137.9379994869,"18/06/2016"
"(30,45]",238971.828999996,"18/06/2016"
"(45,60]",181214.84800148,"18/06/2016"
"(60,Inf]",157688.117000341,"18/06/2016"
"(0,18]",1312.17000007629,"19/06/2016"
"(18,30]",66949.1169991493,"19/06/2016"
"(30,45]",251617.275998354,"19/06/2016"
"(45,60]",277527.614001036,"19/06/2016"
"(60,Inf]",96748.9059996605,"19/06/2016"
"(0,18]",2963.26300001144,"20/06/2016"
"(18,30]",191487.680999517,"20/06/2016"
"(30,45]",426670.440998554,"20/06/2016"
"(45,60]",313978.148998737,"20/06/2016"
"(60,Inf]",150968.609001398,"20/06/2016"
"(0,18]",7400.60100030899,"21/06/2016"
"(18,30]",127134.543000698,"21/06/2016"
"(30,45]",380068.987004042,"21/06/2016"
"(45,60]",330362.963999748,"21/06/2016"
"(60,Inf]",170453.864999533,"21/06/2016"
"(0,18]",846.59700012207,"22/06/2016"
"(18,30]",155575.517998695,"22/06/2016"
"(30,45]",345458.79399991,"22/06/2016"
"(45,60]",306293.289000034,"22/06/2016"
"(60,Inf]",146010.96099925,"22/06/2016"
"(0,18]",3144.71099996567,"23/06/2016"
"(18,30]",115215.093999863,"23/06/2016"
"(30,45]",233105.832999706,"23/06/2016"
"(45,60]",194545.053001881,"23/06/2016"
"(60,Inf]",121336.495999813,"23/06/2016"
"(0,18]",935.375999927521,"24/06/2016"
"(18,30]",50879.8489990234,"24/06/2016"
"(30,45]",125651.274000883,"24/06/2016"
"(45,60]",148583.189999342,"24/06/2016"
"(60,Inf]",127661.561000586,"24/06/2016"
"(0,18]",5419.86100006104,"25/06/2016"
"(18,30]",48037.470000267,"25/06/2016"
"(30,45]",136639.85999918,"25/06/2016"
"(45,60]",201312.529000044,"25/06/2016"
"(60,Inf]",102382.540000439,"25/06/2016"
"(0,18]",3389.56300020218,"26/06/2016"
"(18,30]",97675.8299987316,"26/06/2016"
"(30,45]",214585.652999401,"26/06/2016"
"(45,60]",204837.806000471,"26/06/2016"
"(60,Inf]",61669.6080000401,"26/06/2016"
"(0,18]",5787.5119998455,"27/06/2016"
"(18,30]",123511.802001715,"27/06/2016"
"(30,45]",297824.096001387,"27/06/2016"
"(45,60]",265207.994001865,"27/06/2016"
"(60,Inf]",142987.460999489,"27/06/2016"
"(0,18]",5812.49999976158,"28/06/2016"
"(18,30]",138312.221999884,"28/06/2016"
"(30,45]",262915.684999943,"28/06/2016"
"(45,60]",278415.607999563,"28/06/2016"
"(60,Inf]",141378.890001297,"28/06/2016"
"(0,18]",23871.5469999313,"29/06/2016"
"(18,30]",163189.767999172,"29/06/2016"
"(30,45]",507719.648999691,"29/06/2016"
"(45,60]",341846.222999573,"29/06/2016"
"(60,Inf]",204952.482999563,"29/06/2016"
"(0,18]",2647.11199998856,"30/06/2016"
"(18,30]",102790.008000612,"30/06/2016"
"(30,45]",340854.139001131,"30/06/2016"
"(45,60]",329567.345000982,"30/06/2016"
"(60,Inf]",130532.399000645,"30/06/2016"
"(0,18]",4422.52200007439,"01/07/2016"
"(18,30]",87484.3879995346,"01/07/2016"
"(30,45]",230392.422999859,"01/07/2016"
"(45,60]",192546.224998951,"01/07/2016"
"(60,Inf]",103415.733000278,"01/07/2016"
"(0,18]",304.832999944687,"02/07/2016"
"(18,30]",71200.5169997215,"02/07/2016"
"(30,45]",258865.995001078,"02/07/2016"
"(45,60]",169509.523999453,"02/07/2016"
"(60,Inf]",114911.78799963,"02/07/2016"
"(18,30]",63391.0009999275,"03/07/2016"
"(30,45]",162120.767000198,"03/07/2016"
"(45,60]",158773.474001408,"03/07/2016"
"(60,Inf]",103410.071000338,"03/07/2016"
"(0,18]",4629.47399997711,"04/07/2016"
"(18,30]",123727.354997873,"04/07/2016"
"(30,45]",341843.103001595,"04/07/2016"
"(45,60]",309912.480000257,"04/07/2016"
"(60,Inf]",146287.633996725,"04/07/2016"
"(0,18]",2607.03599977493,"05/07/2016"
"(18,30]",129321.568000078,"05/07/2016"
"(30,45]",286693.488000393,"05/07/2016"
"(45,60]",309044.625998497,"05/07/2016"
"(60,Inf]",176501.946998596,"05/07/2016"
"(0,18]",12584.7249999046,"06/07/2016"
"(18,30]",94091.4170007706,"06/07/2016"
"(30,45]",313680.765998602,"06/07/2016"
"(45,60]",259836.542000532,"06/07/2016"
"(60,Inf]",114882.095000982,"06/07/2016"
"(0,18]",12583.6569998264,"07/07/2016"
"(18,30]",120875.780999899,"07/07/2016"
"(30,45]",386700.671998739,"07/07/2016"
"(45,60]",320036.74799943,"07/07/2016"
"(60,Inf]",172822.595000029,"07/07/2016"
"(0,18]",8228.33699989319,"08/07/2016"
"(18,30]",98086.2749989033,"08/07/2016"
"(30,45]",319462.290000439,"08/07/2016"
"(45,60]",257126.085001707,"08/07/2016"
"(60,Inf]",182417.046000004,"08/07/2016"
"(0,18]",3198.50300049782,"09/07/2016"
"(18,30]",45949.2400004864,"09/07/2016"
"(30,45]",145208.775000095,"09/07/2016"
"(45,60]",191928.220999718,"09/07/2016"
"(60,Inf]",126539.369001389,"09/07/2016"
"(0,18]",9886.03100013733,"10/07/2016"
"(18,30]",67292.1380004883,"10/07/2016"
"(30,45]",152747.706000805,"10/07/2016"
"(45,60]",187169.428999901,"10/07/2016"
"(60,Inf]",74744.3809998035,"10/07/2016"
"(0,18]",10959.35400033,"11/07/2016"
"(18,30]",126337.11199832,"11/07/2016"
"(30,45]",326310.931001663,"11/07/2016"
"(45,60]",274238.489001989,"11/07/2016"
"(60,Inf]",136699.556999207,"11/07/2016"
"(0,18]",1100.24399971962,"12/07/2016"
"(18,30]",184846.791998863,"12/07/2016"
"(30,45]",281800.622003555,"12/07/2016"
"(45,60]",298302.833999395,"12/07/2016"
"(60,Inf]",142588.914999962,"12/07/2016"
"(0,18]",7815.54699969292,"13/07/2016"
"(18,30]",111652.694998741,"13/07/2016"
"(30,45]",324272.6179986,"13/07/2016"
"(45,60]",274684.568999052,"13/07/2016"
"(60,Inf]",149823.416000605,"13/07/2016"
"(0,18]",11048.6589999199,"14/07/2016"
"(18,30]",133581.959001064,"14/07/2016"
"(30,45]",290799.125001431,"14/07/2016"
"(45,60]",308093.213002443,"14/07/2016"
"(60,Inf]",175345.653998852,"14/07/2016"
"(0,18]",4851.90399980545,"15/07/2016"
"(18,30]",92173.1479980946,"15/07/2016"
"(30,45]",336704.267999649,"15/07/2016"
"(45,60]",230532.060998917,"15/07/2016"
"(60,Inf]",160601.512999773,"15/07/2016"
